Country,1961,1962,1963,1964,1965,1966,1967,1968,1969,1970,1971,1972,1973,1974,1975,1976,1977,1978,1979,1980,1981,1982,1983,1984,1985,1986,1987,1988,1989,1990,1991,1992,1993,1994,1995,1996,1997,1998,1999,2000,2001,2002,2003,2004,2005,2006,2007,2008,2009,2010,2011,2012,2013,2014,2015,2016,2017,2018,2019,2020,2021,2022,2023,2024
United States,0.5899946917267977,0.49387470732742494,0.35262152003725816,0.317449505613664,0.34397997059790875,0.5271615094920848,0.22258448738573214,0.1316737010420012,0.2996290974917606,0.47108892409092284,0.3050311201346709,0.36245071716084615,0.24227406012090846,0.26127082342461705,0.372037748311587,0.5153778844010625,0.5066579021653921,0.6424102538086229,0.563395214627938,0.46043838379949736,0.5923616446843736,0.36029295455559035,0.62668761674786,0.5495400954311288,0.49695286133361544,0.46634165421449914,0.44589845577454307,0.3659208648090128,0.6748708399840839,0.4861503517226228,0.5633647611908148,0.3791606903973627,0.5335134891951521,0.6847367745583083,0.31697367763990403,0.24583059791298356,0.11312509019151026,0.4687625731515172,0.658429252148543,0.25367369158745934,0.14266238930134897,0.34532459905313756,0.730832520285134,0.1631155230818285,0.39804917362392606,0.233588448273561,0.5065461510899097,0.47207482582973204,0.41459270047617985,0.34147211591538085,0.7212663899463598,0.3639428690108767,0.7542763731283835,0.6575035805022754,0.5880076010433458,0.4077575070670024,0.20085477842605629,0.7956595558570952,0.5830210045176168,0.5336956734313484,0.4600069692139513,0.3395576788085274,0.3085765348946259,0.4170481208701057
China,0.0,0.2701614158871514,0.4773597968915751,0.5326165711482191,0.5361746857539277,0.6816717250131158,0.12168494642962292,0.03142302095816456,0.7291718069166013,0.6638015579982391,0.3836075827758271,0.3352045298091788,0.2648466157211671,0.3072052225105137,0.599519553165656,0.40385943974740435,0.5839881490799459,0.7681538691658862,0.6474981707241221,0.6349870663540956,0.6535659831362249,0.6338556820931301,0.8164995181465095,0.7322025997021115,0.761444240278686,0.6048814481348335,0.6228146491648293,0.5127661219982161,0.6826856694378683,0.5050358794613152,0.646805070326216,0.4635486736998493,0.7004236382918756,0.7988280918607217,0.49221110909965654,0.32031940138140497,0.14262455654941295,0.5286034176848872,0.7066744982601608,0.31598921951723735,0.24370501592854424,0.5289031515506449,0.866479185236198,0.2692704136839411,0.5941588502260914,0.4728408021073914,0.7620328255057939,0.7257757189153194,0.7071909698749607,0.5736704757660982,0.8310056738570043,0.4058291693741786,0.8651540664554467,0.7844974839774638,0.6646579640831624,0.5149108260314553,0.24997591389309695,0.9289695894319152,0.6502008797672051,0.5797023890200871,0.5031859268092302,0.3463096803313177,0.3327052966816814,0.448086107227202
Germany,0.6298685075684763,0.46559395626930167,0.3174262220460679,0.3320396733970223,0.3229235193716427,0.38985893932757704,0.18805346198865203,0.141459666233762,0.4336471290305622,0.5204353685637686,0.3016934270671657,0.34444694601270126,0.23300520334493063,0.2843241340536806,0.3551881931454881,0.5083455014033863,0.473136335434997,0.5875439718314605,0.5821031384634681,0.49637113589714926,0.5446243032073148,0.39575724239200905,0.5336480614303923,0.4487183014971616,0.44438398045192895,0.43658730245161176,0.4014728753055395,0.35613036398255227,0.6781529707134314,0.5171019453276581,0.6093280018807556,0.36734568490070035,0.47789068687889563,0.6666691619110229,0.29221660430771584,0.21299081325419086,0.09732381214990883,0.4272019393304852,0.6149245160371976,0.23707413426016596,0.15200981507458555,0.29838425034730764,0.6692312823950677,0.11774392667159012,0.3341588265985129,0.25976657356159777,0.5251670583030005,0.49263059066591486,0.34209641093127846,0.3837747937490212,0.7517491156740408,0.3502071315931257,0.7205710676343916,0.6486662606400481,0.5636332145770815,0.41646560002429556,0.20462485039211797,0.7312660200152523,0.5520577421747563,0.513580734673329,0.4231799448358492,0.33192283656511407,0.27270539727334914,0.3703160808596729
Japan,0.7844023602630832,0.5476764705924593,0.4387467965899005,0.41958795943054417,0.33340849381889814,0.6812458561661086,0.3272923737892775,0.2227156031604267,0.590684460179937,0.4729313265970323,0.3343625640319976,0.4219765402829086,0.2677569024195279,0.2502375825428462,0.4560713462258986,0.49273052154840213,0.5005191677960471,0.6366935906201073,0.6074495284654776,0.5267629364243126,0.6333122957319025,0.48830019072826,0.597225446891578,0.4849929115827221,0.5252186533587714,0.46207317999754854,0.47174742258265223,0.4177062377052443,0.693212582072102,0.5132977926862057,0.5953634092382282,0.3586303520902518,0.485563452441405,0.6475758336450714,0.31585212713336996,0.23815886722391283,0.09200293664584376,0.36860948549391265,0.5746162151616354,0.23552793263456331,0.13484175397690862,0.30496076159076185,0.707482852543733,0.13504373147006374,0.35674405759059374,0.19942615969033414,0.4956105927454843,0.43655818633130544,0.3384647786730197,0.3826956636477475,0.6998575552487813,0.35706325005055817,0.752068376718839,0.6002154425049123,0.5616875250477638,0.38471819567499554,0.19218764155797793,0.7139505814792092,0.5254550552447796,0.5132042585558152,0.4023474220933106,0.32250564643769897,0.29509077584844573,0.3788438997051755
India,0.6183819268339643,0.4331796007312109,0.3863294655806598,0.3461781346533438,0.17937075145957038,0.28309759105344146,0.2875648047612967,0.11576796389443131,0.40638474681142994,0.5209815450026508,0.2706203755953326,0.25296090210694644,0.21718368574718633,0.289082141032796,0.610476458201393,0.4556773373735988,0.5757129366735318,0.646260787853192,0.4036750161242942,0.6112924926854025,0.6748014351641404,0.49323613477095385,0.7102643853141294,0.47151174396854373,0.5279158702294805,0.4996046410147127,0.45695304277851384,0.4795269132177057,0.7081598823021815,0.5196600693779382,0.5736308486173333,0.3945072771995278,0.5633642260715941,0.7179144958912432,0.41961893356950847,0.2911806189860427,0.11070379032785642,0.49837754886612595,0.7248161370782934,0.2504037824877024,0.19579148771099686,0.3965197988433312,0.8246545419737221,0.23196080768744898,0.5072325684786714,0.3612248770479469,0.6255369247614283,0.5510020844343789,0.6695558520933977,0.5119938720692876,0.7723623788634341,0.38777328864782307,0.8378774141038067,0.7831686042593158,0.683994758985226,0.546925339583916,0.2489136096188932,0.918317110299605,0.6078444204876848,0.4967664626524388,0.5224060230177577,0.39490366124203397,0.36875504554335103,0.46964730536081206
United Kingdom,0.5980019032091479,0.39808205991881707,0.3623372611880578,0.31388327704313945,0.26619727745430927,0.34351586756105024,0.2259486722745637,0.139250997145828,0.26360020178490406,0.49625400143229786,0.2781626435396047,0.33174331790833517,0.2600800251610282,0.2429143437863479,0.3600272618209361,0.47397333087618976,0.4473089404910672,0.5961186076983248,0.5554280675152616,0.4189672628512584,0.5005891323575214,0.4584142730258035,0.5970446388866404,0.445245500870769,0.48067690441977495,0.48025724846925455,0.4698690701126444,0.3837433364648853,0.6545209683649738,0.47598303203766884,0.5529314185216753,0.3617166037182037,0.544544356988929,0.696398464512493,0.334793851735077,0.23192741969393754,0.11576304336230286,0.4472327265395224,0.6282578915853759,0.2598487226585557,0.16237736643267872,0.345533418078097,0.7386666851819271,0.13740723109681088,0.38100983010526374,0.2192016124531258,0.5260461689837039,0.46774768871877853,0.36547521417538886,0.3286986022954316,0.7113586498317513,0.35821824705885225,0.7464542571535526,0.6738688546202575,0.5727060556440714,0.41612611629387397,0.20712116086532079,0.7458848037344882,0.5574280863625029,0.45314063680293043,0.5027228399400665,0.3681952767338327,0.2836017044083143,0.3933673379356955
France,0.6427974300808585,0.5083598488548844,0.38863364786606347,0.3310548572954255,0.3155378874408685,0.477403365139927,0.25066763344098697,0.12879029111109835,0.42357721488614913,0.5315136660500592,0.3467614665715506,0.34847621545265134,0.24813418134734952,0.34112104760808004,0.35317806428556825,0.4985415751890395,0.4785686333243517,0.6079744626747201,0.5734549226597269,0.5021438486856027,0.5602892598470396,0.46721487908335424,0.524059416772713,0.42099773577055366,0.42272260165244824,0.4391745085895822,0.4263773234979033,0.37920230877127753,0.685594995612959,0.4948198317397506,0.5752153401120302,0.3634497035073021,0.4870600643197421,0.6639795861676143,0.3090048540459373,0.21730402558951264,0.10142367221504474,0.45082352519402774,0.635700231812236,0.25455012195811566,0.15562633225939285,0.329926157835676,0.6969739810529104,0.14656762498512244,0.3588260974892913,0.23188358333771453,0.5176233698929777,0.4791518439212454,0.4085339166196869,0.3210512139992417,0.7334003492387152,0.34810285691210885,0.7281072265762598,0.6182593782177901,0.5523016313090892,0.38701438358050055,0.19671108312908925,0.7492113097490265,0.5722947699490198,0.4797773784817562,0.4742100874393869,0.3417770313857121,0.2947487929563723,0.39427737190062895
Brazil,0.7156952854836564,0.5034514749484846,0.2722816128617206,0.27573698884946257,0.2711099364422666,0.5346077849417175,0.24332562638710514,0.1879943079162499,0.4982615643343463,0.5739253815585643,0.4729391639447204,0.4884530168416152,0.3311311430414358,0.40137574862559044,0.5089574686778755,0.5934163039288466,0.5147993964394698,0.6301348650487638,0.63169059118669,0.6644532044456327,0.43103072641335105,0.42660437747096847,0.39454169811039,0.5075882932359255,0.6020091100068583,0.5682981141440923,0.4475298353037302,0.27761331741321277,0.6673758436638504,0.4288601317552818,0.5734137292635645,0.3473182523720904,0.5659612774579443,0.7077456637673014,0.3492858094522278,0.2270516747352949,0.10671219136659432,0.3966081093562279,0.5877365382188172,0.25796314300669465,0.148627875127189,0.3782539678934119,0.7001787391141805,0.19541985185469804,0.39112868161897246,0.2620721289355378,0.5920723394993177,0.6042951756519079,0.4744520513918519,0.4835061767008584,0.7547570612451349,0.3611745255635905,0.7716495460732036,0.6055582092604855,0.46464205632810723,0.29759322941354477,0.18828264429644326,0.7540565595855885,0.5567432859960665,0.5223173549943388,0.4378177577715787,0.3450338587270022,0.3119572261910496,0.42594755303038423
Italy,0.7078588693202009,0.4958599800251212,0.37819768674150334,0.2652689247746897,0.2869231659668197,0.5079796889299487,0.2796666941397172,0.1513245764176625,0.3926778557207203,0.5225293611214256,0.2742741636912143,0.3329518128769477,0.25807654014159326,0.3586118647712221,0.32400753401744875,0.543222919940911,0.4524843017534806,0.592574064571277,0.6164790797696804,0.5399750298860087,0.552110954997645,0.4161171459781345,0.5211905957725045,0.4579222237622548,0.4578042398473741,0.45108409739179295,0.4402130236113338,0.3662834100451216,0.6707175208759066,0.4870673065586328,0.5778743689275094,0.3581111201243665,0.4796860396955168,0.661044733914987,0.321222298247241,0.21668568862090284,0.09775893654833295,0.42213221283957947,0.6075356934178131,0.2509719206559502,0.15709541026321558,0.3105089760960126,0.6802784158099707,0.12301371200589194,0.33113223528593744,0.20975886023714813,0.49515462219701467,0.4418981341737293,0.3479438944236434,0.3072029434159805,0.7091911567269914,0.3232055418003366,0.6771863328081478,0.5925621623184751,0.5488601230400274,0.39514778975515824,0.19139402004895129,0.7203960826851409,0.5414820103868278,0.4651926841381694,0.5093833065322374,0.36462794364290213,0.2903234289671946,0.3872041493215632
Canada,0.6072194976360203,0.5193074870792066,0.37159526671913934,0.3323269696322048,0.3424715618297568,0.536830130313019,0.22948300007379924,0.13401972513694566,0.36067854914489,0.49837600356607636,0.3201763138544861,0.36743000723596286,0.2538357952566851,0.32408931776020256,0.41666498976020067,0.5234114356628484,0.47806122753039987,0.6033409006550103,0.574022953688075,0.5129475027442357,0.6132149380426659,0.3259628964472125,0.5642302424547471,0.5189775762812638,0.5131692045332319,0.43238842251980075,0.45926168479545,0.37079492431573396,0.6553386415802301,0.4706883589615639,0.5458948180889415,0.35855111039402776,0.5321084606094729,0.6906033527318377,0.31692954483629826,0.22080884509278165,0.11210758282276655,0.45848788609537183,0.6641982146640929,0.2683368379591681,0.1552916490302879,0.37693470190536593,0.7125077793585353,0.1503537650486492,0.39133334028889294,0.23004214592121433,0.5075147088809125,0.4954845016758609,0.4063225594087309,0.353098485333261,0.7431225545872017,0.3599292009089888,0.7583500627643921,0.6664955426839783,0.54438077659962,0.3908740672740757,0.2072387410171966,0.7877971108203832,0.5700003304776691,0.504321408444418,0.45821244888287277,0.3577638071965124,0.295603567819966,0.3994541778206514
Russia,,,,,,,,,,,,,,,,,,,,,,,,,,,,,,0.4412627092850188,0.5198505189027391,0.23779589803579285,0.3629738182464696,0.47533361329186613,0.17365080336681168,0.15543863679227427,0.09455453209760957,0.2984639156909386,0.6847967805650825,0.33552667843274797,0.19958324636130245,0.41832685268571873,0.8142729181650182,0.219746733714638,0.4697682510001234,0.36459554775395236,0.6431882208982451,0.6071031562011878,0.28700611561752476,0.39451212501177074,0.7592818304055847,0.3769967213244696,0.7471780318645553,0.6115326242268065,0.4945373063715175,0.3726077754887018,0.19385459610684788,0.7900580472379433,0.575584271850737,0.5286832437469787,0.4567696848906945,0.2966852771344977,0.31998525669499495,0.4390919287229224
South Korea,0.6821828557066327,0.45215366740260715,0.4500824645688134,0.380482569462284,0.3606242092527921,0.7322316782701246,0.3037363339210139,0.2265501142418457,0.6562575997709859,0.5715728635478969,0.458515674254434,0.4016814318128269,0.34187090555361055,0.42546602864832295,0.5794238389624023,0.6415953924521437,0.7101839324785608,0.762583616099747,0.6692699753795458,0.4330943523054677,0.708020184760981,0.6189712108260815,0.9011370427304219,0.6272129274114917,0.6045437413757434,0.6698910382757516,0.6501734459453379,0.5317449273468577,0.7259767277665617,0.5609232662458465,0.660138509254789,0.40131333839311323,0.5968729662750831,0.7521394408270382,0.46498802971725106,0.2964748985136761,0.12430848488020224,0.3047485571710218,0.7701641170042547,0.3244948586373169,0.19444513182230755,0.49241122388346464,0.7360030681382196,0.18568344838242776,0.4195590461238391,0.29310959932653424,0.5872784446545322,0.5488174353846359,0.4975506311303859,0.46744364173579706,0.750777242603863,0.3658882028129075,0.7772625437241921,0.6752706171827738,0.58752758419524,0.4369900307941736,0.2116632869987673,0.8030320170673754,0.5778153206916072,0.5486401028889929,0.43524874698164046,0.3418943247694945,0.29612169164933166,0.40583150060749085
Australia,0.5936032443962349,0.401878970757932,0.3909812114921685,0.3379159586716021,0.33628317108479616,0.3738067138924684,0.2690312117417865,0.13499807904176767,0.42214816143411615,0.541354859463758,0.31980382759984466,0.3370324735444616,0.20995627457144483,0.3361562114384813,0.41139688254229634,0.47049806983342024,0.4795719460215358,0.5416584561837615,0.5802252215835951,0.5314431537211342,0.6114883030367145,0.489531900378519,0.4162979186157858,0.48850170465188225,0.5286979615198661,0.4791796259766303,0.42646437510102037,0.3989428087249056,0.6778964168337175,0.5016490229338354,0.560930118909672,0.35496953083098437,0.5528373330084884,0.6841037452691787,0.34228289301485404,0.24694613712108934,0.10990018235175983,0.47213405313155127,0.6623528328593626,0.25144125367459286,0.15743911124437684,0.4000689780690922,0.7363097117588393,0.16938601511310947,0.3899814665428393,0.23325912487859984,0.5441054730425521,0.5652654573301759,0.5252732744450088,0.3272145973663487,0.7328050031455872,0.3764578951660738,0.7647869943273927,0.65949332415674,0.5731610703563097,0.42799836046572404,0.19903433643119295,0.7924119445191111,0.5755060260272324,0.5544298486410181,0.3905076872046507,0.3584588563257,0.3152239834774611,0.39687680316289164
Spain,0.7803148520353164,0.5676816698369374,0.46248631929801776,0.30890730785488546,0.3413044543661086,0.5549383623252386,0.24503784910227855,0.15191555398479092,0.4798575076068767,0.5117691463307403,0.3333297278885841,0.41700416227116394,0.2651505126854759,0.3605237294107803,0.39109704450667343,0.4819731201256932,0.45978398150477906,0.5539844635701815,0.504015597843751,0.5136276881433859,0.5288967190331335,0.4370928048936981,0.5397563713574314,0.4250003584000495,0.4441984566902927,0.4610421605884485,0.4911901546411869,0.38504017945582963,0.6917676105196127,0.5035637713247891,0.5867519183002782,0.35885452887658825,0.47701772336954107,0.6639737138437161,0.3185073186321547,0.2318373032339956,0.10788505796517701,0.46560911234051183,0.6522188191980366,0.269195133712908,0.18336387512123675,0.3710011699759771,0.7334941760315729,0.15072826210806997,0.3997134203989354,0.26404240063832823,0.5387212715075952,0.4894253931211837,0.38548644063160425,0.2650313893895192,0.6906340618842246,0.32516271053451956,0.6848388753059714,0.631700581470732,0.6092038646012237,0.43144715746167894,0.2057121095744397,0.7755729437763396,0.571017213096243,0.4440258217360975,0.4707902611417332,0.38144938224641806,0.30450272208549234,0.42645821664821754
Mexico,0.6438663747798803,0.46637817316467056,0.4309928231095018,0.42356407594546486,0.3567322265290914,0.5121252195102275,0.26351681871158406,0.1837508748013217,0.3095178914375309,0.534566523951391,0.3148288901227117,0.41849438719576676,0.265926174823318,0.3630704465874841,0.5236844209878966,0.4998219581039627,0.47427619207682375,0.7167114821676248,0.6875385004263407,0.6548880419806421,0.7598827000474296,0.4044523387241521,0.34219995844915146,0.4644912453433407,0.4327172483490229,0.2791898551786218,0.4157847021222807,0.3042549467146291,0.6741862279311166,0.5170563517472085,0.5993508076675614,0.37952179520292967,0.5352338222524061,0.6893427865773278,0.13656523737105633,0.27519568671021183,0.12989500903559492,0.4983890918993904,0.6251584262879737,0.2668268519813413,0.1233470771466797,0.29818146100760723,0.7010070745768772,0.15834586667868758,0.36435135079381953,0.2824657495859739,0.5081028163265482,0.4941020800621072,0.3237602647345245,0.40836379157853947,0.7473866892860236,0.3734538773092395,0.7294850485052553,0.6569877871270949,0.5833851416053287,0.40674224769096456,0.19436355662307023,0.7606835366902304,0.5256377917222964,0.4704458255065916,0.4598941822363289,0.3525595240065317,0.31302543578469016,0.3976443846463967
Indonesia,0.6586440921738521,0.41231852718797535,0.2123008955704823,0.277991170621787,0.24709178128607726,0.3890832440452174,0.2089246514887666,0.2005558146994629,0.4151555480464102,0.5451916095860871,0.3828566498484217,0.39604220012689006,0.2685189103599764,0.3930081845096472,0.5041316663080185,0.5393952799106944,0.6152615147983527,0.6691595313923305,0.6424235809464569,0.679124789936152,0.7204588869520059,0.46227699961277696,0.6146127390428039,0.5435795356256475,0.44821490447413065,0.527413837651451,0.47774447392974384,0.399341483830871,0.7302429347641898,0.5353577964303188,0.6252205918651463,0.40245589218437855,0.5894317152255737,0.7290294119661149,0.4331686844914378,0.2944066617516418,0.11466542457246132,0.1622199784426544,0.5930246158631917,0.2653174041799835,0.17957846982272743,0.41344672594589316,0.7675991038452634,0.1831026923746297,0.4523723569157037,0.29930119797771726,0.5978599927196541,0.6287053851441914,0.5905876928857596,0.4451730655424366,0.7852647886468564,0.3920895024406076,0.821643199490801,0.7213556458932594,0.6247013622744605,0.47723744382966626,0.2297954061255031,0.8733122085557278,0.6299734353545043,0.5346919502317017,0.41962413343345273,0.36990542807662186,0.3292127047469683,0.44883902685956434
Netherlands,0.5500008864256251,0.5081155010035204,0.33622840575630264,0.3604638688199523,0.3848435717435355,0.3872126469353209,0.2565025299109751,0.14987803102547356,0.40296295428998213,0.5309078301523896,0.32639470770658763,0.32999985648532953,0.24012330181280836,0.3253936309747278,0.37732994471152104,0.5004448679017698,0.45143267899273515,0.5807637049283675,0.541504987212003,0.494927559114987,0.5134202720649754,0.3744531821861929,0.549020288729394,0.4541718603863427,0.45158420139386357,0.44923612718325684,0.41292509698311736,0.35058601920238935,0.6858137242596934,0.507255402604235,0.5858103226378325,0.3649375359828547,0.5111999767387833,0.6712642190199879,0.3260333235108366,0.24160154686293459,0.11191447164611262,0.47162873058276855,0.6625999186541067,0.2556385568033474,0.16145105308805097,0.3099213646425839,0.6808578328624035,0.13217505640967003,0.362401642882997,0.2518002973830196,0.5461213114008173,0.5252545956822936,0.3879984247737552,0.3010377316092865,0.7241698907747478,0.33936219020109926,0.7122031188366668,0.6340697603751576,0.572329755488683,0.4208343100401141,0.20444358918266212,0.7707659319397518,0.5775510002180506,0.5162774693511417,0.46381452744893936,0.3666482645234979,0.2752979791830415,0.3927220002958363
Saudi Arabia,0.7810765753563329,0.60539922253562,0.44345020878247954,0.3691866588070986,0.44848951730276676,0.5897528693397095,0.3007832583171638,0.16389051337298252,0.3908102929684022,1.0,0.553995755151601,0.6174697000304064,0.4221590680052987,0.5294151130113898,0.23740481299552008,0.6730146785069709,0.5399229552132306,0.5259591507882843,0.711593812037903,0.5910521075397985,0.6029394924496313,0.0,0.14541381228874892,0.292683947529604,0.1720759295869229,0.4042033545998076,0.3033094767998105,0.41642871669297754,0.6272141972641962,0.5554220419132566,0.6367523230851507,0.3874458075662156,0.49809305496278,0.645930545476648,0.2671688339286481,0.24020991859835794,0.1021565564796964,0.43952988147151345,0.5697163281497452,0.262526536288812,0.13427165130468688,0.28718560058299136,0.8414812409802859,0.24392282696231113,0.4585774094868915,0.24638416374108413,0.5109590800929358,0.6346594572890366,0.4514699484415814,0.41036749250006893,0.8629325578094278,0.3900694955840116,0.7704903172033625,0.6961013769620567,0.6204975366304701,0.40526241607502295,0.1867231169794142,0.8048200019265666,0.5650487496643745,0.5169227819037894,0.4679824249068227,0.44258602662425767,0.2861884718202259,0.40573048322300015
Turkey,0.5671704445089867,0.4837506960410404,0.4512769292302321,0.31152383935816114,0.2788255895163426,0.702626103974152,0.24982260814543453,0.15395408818190404,0.3300802498370983,0.5015549532169071,0.352460776584523,0.40335832622633194,0.2168293842896672,0.36013197261625085,0.5601204675192868,0.5966866733028825,0.47469699652774816,0.5548515159267648,0.49136481263311976,0.41318023619348865,0.64747867392955,0.49543965137320306,0.638653313573895,0.537559884500072,0.4990012323571036,0.5561978305541656,0.5764365810731912,0.3272328362333939,0.6253859547808899,0.553952553718698,0.5706654851821361,0.39100900598761734,0.606677174836961,0.5750169606175727,0.42599535011630296,0.28647692313685286,0.13086391528311211,0.42394602235741885,0.5301299803064385,0.29386023292664565,0.05455932944980871,0.4605654804259311,0.7864703752976167,0.2657902464111109,0.5364508998800791,0.3372006292566497,0.5718438487099009,0.49348582684558745,0.35826270235298907,0.5133049900307991,0.8521091938976908,0.38289204497041734,0.8790514049477909,0.7109176795733845,0.6423615198795283,0.4402793175897596,0.26033041403081375,0.8133036069519499,0.5583018846488645,0.5742148901634211,0.5588287149978302,0.3713607783037196,0.3291754739153163,0.4246446800941551
Switzerland,0.7058920799569367,0.4687824521609358,0.3627527859050989,0.3080007652201025,0.26572766309168905,0.37680100853050236,0.229367110296793,0.11802187884496607,0.3782413761162671,0.5333034353181615,0.3213568043192619,0.32371626281622073,0.2145615048160063,0.29342607809255244,0.19165642188331872,0.406525162512747,0.449154410027605,0.5310991438346466,0.5505768815006993,0.565258214318759,0.5701059992720234,0.3727239817139488,0.5048118949812497,0.45295604958216046,0.4827953236598022,0.4257341525222555,0.4054409476208679,0.3471757831942499,0.684506749698098,0.5025828863247266,0.5562498452022772,0.3512360548418348,0.4905396633317529,0.6499270569681727,0.27071956700933997,0.20618731215517866,0.0998042010946263,0.44346670442669095,0.6072855065879655,0.2520308792791152,0.1511791848895299,0.30215754211878026,0.6784453831986884,0.14375409718727364,0.3800026695542541,0.2647728060944523,0.546774836446477,0.543603043414634,0.42141049283201854,0.35758285189338884,0.7247224573106843,0.35559233885139985,0.7478972883916272,0.6530303613339238,0.563283936210812,0.41314615526177545,0.18872504256565606,0.7919292204611451,0.5552242124135146,0.5339132014334744,0.4515012058719803,0.3453310214935423,0.2875321176467448,0.39586689122282054
Poland,,,,,,,,,,,,,,,,,,,,,,,,,,,,,,,0.502504836233718,0.3712715225207011,0.5482450910294194,0.7006800793574229,0.427074112812795,0.2737016942591401,0.12477599947935994,0.4711731206100151,0.6569690845472654,0.2616723920555663,0.14648328243331782,0.35021033650199723,0.7443139476584769,0.18411499840875714,0.3925719745017117,0.3162628524678412,0.6065982275460108,0.5854355091334493,0.5414009693281114,0.35539432355632267,0.7725589631497315,0.35809426232651753,0.7261972223759339,0.6934225909519854,0.6162527172508011,0.4339556013476155,0.2307113421357703,0.9110015485303607,0.6215133940198851,0.5349978602413497,0.47497999920459677,0.36934360329098764,0.28339128948869363,0.4203931849425438
Sweden,0.6574598530133348,0.4586139528725471,0.3722399722457845,0.3351975638226233,0.29700626303335864,0.3630025690469644,0.23314280866790937,0.11859048757925121,0.3588797713728675,0.5342755869823204,0.25605582645094394,0.30653036039253256,0.22436289206910326,0.3215178039711243,0.44234149044420074,0.4459808455069166,0.3433656384604013,0.5602500629802608,0.5762047889900985,0.5026520766249749,0.5428557144677035,0.43714828361621233,0.5437890030418104,0.48085028201326335,0.439601005883257,0.44681457924569323,0.4437169427650217,0.33219954444587757,0.6599839252417524,0.47575710966906587,0.554221920835604,0.3425063737322628,0.4615751607171632,0.6845695314914212,0.34656954962961284,0.2209980697513408,0.10470196862512408,0.46463176004086965,0.6488196334414004,0.2613239554652887,0.1482283525533416,0.3593743451153613,0.7138904896393938,0.16872111851658428,0.38107089356633805,0.27934659386602745,0.5322293782774349,0.4445535076877719,0.37357946596236563,0.4312698279819737,0.7434934682563461,0.3436017806200292,0.7350783004014666,0.6516388253618398,0.6154256271553831,0.4144972069155556,0.1944864614592678,0.7535848512387822,0.5834914960572293,0.5360376024773489,0.44577116710940884,0.32590912645288833,0.27905994694710273,0.38901433095562793
Belgium,0.6434358614689057,0.47686643524706207,0.3515979110066205,0.33755293533638403,0.29225426698568885,0.4026558739994932,0.23927679679747743,0.12484910359998586,0.40918110386674406,0.5330536562414504,0.319487639073804,0.3632066110035091,0.2501318567083272,0.34354695906252003,0.32717347900300964,0.5196205033758867,0.4017059773027022,0.5839264240990174,0.547717806784387,0.5618512691044886,0.5254072023426719,0.4206856610902059,0.4947016074228137,0.4405729478542284,0.4250837711133803,0.42482604287946424,0.42105081760533974,0.37730536070418347,0.6718995339243184,0.4976473812007705,0.5804703260646011,0.3635639759751293,0.4780573390349093,0.6746184353999667,0.31068335514733253,0.21639567146357788,0.10914274590596826,0.424873173369271,0.6380467343981624,0.24868605906958097,0.14464098587393634,0.345481504157039,0.6982730614628168,0.15844327180238857,0.36947845562063697,0.2279713259894804,0.5417381217578647,0.48092342524836745,0.43095924878749353,0.34191643363885593,0.726362887713381,0.3483433852299026,0.7187788730319636,0.6380027105541802,0.5600443328797498,0.3942241986876285,0.18996223187205366,0.757373355944612,0.5803039621318504,0.5068269780795083,0.463430406073469,0.3552359521730671,0.2973734117694516,0.39257206860418903
Argentina,0.6524028991425019,0.36071891810362444,0.14737003798625348,0.39271101136410225,0.41993665802877994,0.2605950434396666,0.23102730982940836,0.13192715255134152,0.5038333915818934,0.4996578019078458,0.3543679265141609,0.2940839820572085,0.21201897158399705,0.35915432264722896,0.376554117117525,0.3966751816127119,0.5672964572356402,0.4243679260258634,0.6975083298200266,0.4987432458598082,0.40869370255750137,0.38717386363893674,0.6194364017088122,0.42011292734078587,0.22981537855478915,0.534460103030332,0.42966999473062695,0.2561473590830201,0.5164196020710621,0.4461574108033509,0.6447909499209312,0.4137298342636672,0.6149756398430958,0.7075353663888231,0.20090327773624098,0.26689108335276507,0.1354540304382793,0.4577444544302103,0.5246864949406169,0.18641395883832548,0.0689878697262795,0.0387919217367681,0.8427465880398434,0.25065617814477215,0.5300591336950772,0.36089633723660436,0.6538668274540688,0.5767669063109614,0.3329619830716956,0.559832350214026,0.7829603053006269,0.33899695064720714,0.7599073982676458,0.5279802644316277,0.58393316911102,0.3234424311815207,0.20485304000903917,0.5992615924936723,0.49463443246893046,0.4546466563858073,0.535320391964655,0.3776535354801328,0.2632904217328103,0.35827975104788173
Norway,0.6692725699574942,0.4309351397290781,0.33962005120155925,0.303713069584486,0.3236785394062832,0.4261346608272139,0.26841116783923763,0.1030614306843421,0.34322307223855325,0.48852585165428214,0.35469080581672274,0.36386632732346147,0.2303943469882097,0.3331842777161966,0.5034894636133148,0.5223898251117903,0.49449135411835676,0.6062371360478988,0.5863249409267547,0.5644441559795857,0.5700348845135285,0.41162765606409657,0.6078168601497859,0.5224912445957365,0.5364537237044964,0.4810112193051408,0.4090790192334754,0.27354521502111817,0.6363307131610499,0.4865759491591058,0.5914960970079567,0.37956756648657325,0.5349080328835737,0.6976835258420373,0.3478552877385085,0.2609019289669581,0.11822891811844338,0.43717769687682206,0.6139833128570232,0.24318873538759828,0.15792902646037874,0.3374661661244849,0.6965494417747109,0.16593369555688198,0.3784146428600902,0.22577314329970102,0.5256912904496881,0.4818529540426013,0.43013064525746986,0.2853953291563958,0.7148913817995051,0.36716948480877515,0.732699000399069,0.6452701930320409,0.5673264702785114,0.3936019940871536,0.20092262695402116,0.7204764436552071,0.5548726615694858,0.5427357388121553,0.423157399807191,0.34752627078583725,0.2816967364127302,0.4071617618818577
Austria,0.654600393742651,0.42776963447133215,0.3470879520895073,0.3230868434129735,0.29078803223436667,0.4952490593285531,0.22878301091077477,0.1279825924506552,0.398196336485638,0.5408315141772065,0.34303884377914756,0.38040167261357755,0.23421105155381083,0.33350585992835075,0.3680079273394745,0.5024023646713043,0.5186229219472589,0.5176418656972709,0.6050294120016365,0.503331941732904,0.5286156340283731,0.4563538116212369,0.5769233682921995,0.38540241291790694,0.449257789578273,0.43694308245608626,0.40049921216159706,0.3475568500771031,0.6780143056937695,0.5087475569018077,0.5946432883740832,0.36797141176433934,0.5002878126491354,0.6642124390712307,0.31662844874243573,0.22713456475353178,0.09910037143279966,0.4515247959468181,0.6416334344702845,0.24140001874766617,0.14762654211271078,0.3400657270128134,0.7001923739505556,0.1414488653453963,0.36944469672131486,0.24531616164601822,0.5438058060132983,0.5076403681686771,0.38992867073622856,0.315428010770518,0.7402081017583256,0.3514465838716807,0.7078843926838069,0.6120349242129374,0.5568013496010663,0.4141953958630744,0.1988010046977195,0.7786965810044914,0.5670419104997566,0.49124418279197835,0.4405730608414473,0.3701634988414612,0.27350167323347674,0.367996600725626
Israel,0.7676493484767296,0.571563691413298,0.48572620778765463,0.3545942658166731,0.3913081013964342,0.2821921889804333,0.22862414190769842,0.26055723578021395,0.6244460094429447,0.5426942739560234,0.4647660839081315,0.4923397868152286,0.24165254583890344,0.37433967298886445,0.459925991228378,0.4341911461453415,0.41244639176667136,0.6428419480696096,0.6212047606170362,0.5020150206697174,0.6589652831467313,0.4581481068671553,0.5888496305241339,0.40554935658518637,0.4931668486662423,0.48475881098683504,0.5256614963403846,0.33951465028175876,0.6295487614581726,0.5360290728021886,0.6323939119227566,0.412335843303373,0.5538964191331338,0.7276148802082001,0.39922516768819244,0.2706464707823558,0.10803769759347914,0.46230146353672874,0.6340308238711416,0.31592920171378613,0.13335606036570724,0.3006764573765256,0.7058884964962541,0.1766327391942651,0.4202857794364937,0.30173663252106675,0.5974041197079148,0.5545964974790859,0.5077573221187033,0.42490950723163823,0.7762183661668054,0.36513206714149715,0.7928204430596923,0.689701812721468,0.5745532674724162,0.4648427189630225,0.22178676925333518,0.8321469437212939,0.6047417024261763,0.5351404132957958,0.5172345985543024,0.38028693310485606,0.29844651398300587,0.3897517414403479
United Arab Emirates,,,,,,,,,,,1.0,1.0,1.0,0.5036060269592441,0.5359922147998731,0.6939030518160767,0.9480705080579679,0.48769868516356835,0.9008758542636418,0.981038016907666,0.6427851329555659,0.23647780071822871,0.3384401422690304,0.4759940291064545,0.27533110833581614,0.0,0.4443260015789181,0.22428034533073438,0.8016655339206445,0.6372042546628585,0.5718972887422896,0.3777704033372265,0.5112543132700618,0.7209072194867462,0.40100856572849464,0.2701537425292453,0.1359376228516304,0.39580556431667285,0.6275666691531245,0.3473107461836956,0.14875407206728108,0.36316442200762566,0.842070447090554,0.25972587470608616,0.43177868139923536,0.40420231325834705,0.5313779479251084,0.5537931916434563,0.34946394645633583,0.30937015474892465,0.7931396801375655,0.381956356753611,0.8091315579888066,0.7117428687337829,0.666727452824043,0.49074730181394577,0.1618671601502153,0.7453866208566332,0.5577181030276293,0.4669784619076535,0.43421551707655287,0.39387339298623747,0.32207284442693396,0.4340822165248349
Nigeria,0.5479307935170177,0.45562495549591986,0.44096621892592736,0.3026848157140278,0.3163800231370101,0.1269050602898505,0.0,0.06354423711436333,0.9544143189067267,0.7214358370000581,0.5333138449352935,0.3268028392785351,0.23957388519466383,0.44982695821847435,0.24404183000534846,0.5739467047041082,0.543407355797967,0.3970503756897639,0.6316881360070701,0.5566904185294453,0.2200201715374174,0.23436046440801822,0.14755662520730328,0.3587458715323999,0.5467190040778384,0.3802238043505891,0.4403897504714036,0.43172022573286445,0.649223275020383,0.5770188780517798,0.5674765511096489,0.38784210573732597,0.46203058074476105,0.6110120118820392,0.2591006231648214,0.2509116663264561,0.10392255650241305,0.435655720577111,0.589637652118224,0.2666423558718438,0.2108126469210634,0.6770170946732055,0.8151480602836942,0.25438946762090564,0.47071628041856195,0.3128113016786511,0.6030367332301882,0.6486360762087435,0.6738312051486096,0.4975369793473046,0.7732879936918678,0.37854646752426585,0.843464081639839,0.7548665285365795,0.5824419353185522,0.33346263198121584,0.18255490344717565,0.7589486778660122,0.575783874603336,0.49072678995875807,0.3750957281120483,0.3591731749678131,0.31277056265587416,0.4350847769805305
Singapore,0.7064678544650482,0.5217133016615259,0.4718665201508833,0.16271052604684025,0.3701086228615054,0.664176526172987,0.3446962686659696,0.2299756232034139,0.632767560218418,0.6096941104330209,0.4952675678973734,0.5143743596002852,0.29519861373632944,0.3685585822931985,0.47893678424058933,0.5482199367099573,0.5651516181674417,0.6910935943788519,0.684807093566497,0.6841577477122234,0.7891194436836935,0.584565893413735,0.74936600110415,0.5850814327428503,0.36015923250401866,0.41267556441952497,0.6048431444766241,0.5136205881137609,0.7697817777910101,0.559049104435523,0.6232505816567444,0.4035701357926911,0.6635477281606151,0.7738868468230491,0.41124178492164803,0.29024244183360437,0.13670434679300655,0.35258272335374924,0.6736452334528084,0.32223458863193877,0.11483173929868472,0.3994253754604495,0.7632993325928576,0.2660365110666507,0.49353243281199205,0.3841103817716775,0.6541585461272097,0.5185293709643768,0.48065040461859004,0.6889743537479529,0.7858922128464502,0.3800921613338298,0.8071563061696474,0.6938091638979649,0.5886014766302748,0.44944452619292186,0.22322670787269147,0.8127346233293825,0.5584256059158853,0.5168214368039918,0.523559941782402,0.35688387202554506,0.29839769336862393,0.43971214513794743
Bangladesh,0.6649793023928485,0.48148296320841927,0.24995781042925613,0.407006080034411,0.2566499389501041,0.380723503323738,0.16919601573334214,0.18449628025427076,0.2413074367001143,0.5256533142667361,0.12206374725179477,0.0,0.21750566495310925,0.4245482839348094,0.27308442340901107,0.519758580714003,0.4554389773555618,0.6758208375131672,0.5944804659016024,0.4836495862740358,0.7039825120680943,0.4594533640917399,0.6049756357606901,0.493957550730413,0.4733304725784103,0.4843344661312211,0.4527765870759859,0.3292236734866911,0.6626436361912142,0.5204759138099142,0.5950274508948323,0.39419633248576286,0.5627786367641573,0.6829845178144269,0.36812453149080987,0.25483812150532287,0.11338573370122747,0.480841484274444,0.6564941154564901,0.2704756718264,0.19927061248898312,0.39722921149074203,0.7668432756666727,0.18662774869625579,0.4731121927593899,0.32762773694600067,0.6128696698268288,0.6287076723643692,0.6007549067473654,0.42601003135678006,0.7893586123527682,0.3957868337248108,0.8305813892837537,0.7484716925499469,0.6565592936502672,0.5222168723461836,0.24664089976236966,0.9487607835275883,0.6851610339362597,0.5910204251708592,0.47517737454132764,0.389370830380126,0.3361448923974032,0.43737096985155244
Egypt,0.6470810007164185,0.45126990385274357,0.4819707287137371,0.4166484310588729,0.31690952336827155,0.47304211774494775,0.20190757426120712,0.059506814393065946,0.36727330690538723,0.5254378411393937,0.3209793582698358,0.3209864051581728,0.21943962819754217,0.29510245176324,0.6051048230228061,0.641859755592264,0.6216068466161377,0.7095853382571565,0.5896542740339663,0.6819563316078013,0.706706581426659,0.6552093837860671,0.6424635928720673,0.6068625797624776,0.543250216711242,0.49879354972903545,0.45408287024683636,0.3926891489523268,0.6931406399696762,0.5208872278477823,0.5742350467820896,0.38660230561937237,0.5357384277866576,0.6840321876832283,0.35807383671492937,0.2604314376985268,0.11949499301318636,0.4877778378805567,0.6791276697828743,0.28535657323455543,0.17809224918624897,0.36211174527440027,0.7382024375159786,0.16724269279626078,0.42235037491069366,0.3317869746633289,0.6134844652158054,0.6590374885313637,0.5916802129173455,0.41353318086529317,0.7240479742442829,0.36346951017727946,0.755601131860988,0.6675871144435958,0.6151172251988359,0.46239659451258985,0.21995083667722998,0.8788278063573924,0.6402452050302337,0.5920640036989987,0.41254665867391566,0.38381142899562953,0.31690869483128314,0.41145207500187025
Vietnam,,,,,,,,,,,,,,,,,,,,,,,,,0.4865706286744585,0.4492947516380201,0.4486871774606105,0.38588819268046726,0.7288957197284214,0.5156863292338321,0.6168401062933908,0.4192796023040527,0.6129709107293687,0.7454171700844083,0.46088618394329256,0.3126803229193523,0.13570412359866427,0.4910671132433812,0.6581864670291154,0.29112413590984193,0.21459237048306973,0.45777423294986225,0.8068466852098231,0.22543088969976394,0.4979816610337405,0.3350313908958195,0.614361117756414,0.6193626257816466,0.6093715667797512,0.4510327940241329,0.7886469719484693,0.3881356207642434,0.8215696933399648,0.7577603495781344,0.6648171148445211,0.5130612658240133,0.2505179517654621,0.9538816491480832,0.6750849992756303,0.5850683005301173,0.3998950000314206,0.4049818787717282,0.32936546718712734,0.47812199626425383
South Africa,0.6208159613797086,0.4953673586175341,0.4154919213565813,0.3546363645575403,0.3389300425450524,0.45040478424899066,0.27988521545469963,0.12439001583751046,0.3497807807252605,0.5219048630997936,0.3256011592881944,0.2945818428421935,0.23081082814024378,0.3684573484411145,0.42048872428303186,0.4650814584710041,0.3828018219628335,0.5876739740740289,0.5752643476501745,0.6088064148410235,0.6594611899351247,0.39604489160928324,0.4280157058256682,0.5007157350075502,0.3433510522942899,0.3791327830623698,0.41659347913868805,0.36640288516855446,0.6561794670911335,0.4659045780549707,0.5553473489272278,0.33484489889788355,0.5108416700835721,0.6742781749950968,0.32569672077235834,0.2521613776148138,0.10186817890952458,0.399426410727219,0.6193493451828258,0.25536554528786143,0.1666208749591775,0.39399838260333625,0.7336754536251654,0.17505590747968658,0.44215410683593015,0.3017893562771252,0.5771505983278256,0.5537721561231568,0.439956438472559,0.35159752909195385,0.7435583730811741,0.3647488272385184,0.7614771515753231,0.6289575916933168,0.5571498754504727,0.38278804004619366,0.1864554428336942,0.74607659396341,0.5382195427893586,0.4927698746203992,0.4394666796030968,0.33462529931373597,0.28870430014900395,0.38496145950072685
Malaysia,0.695702785624546,0.5000235592579964,0.41475394176151054,0.3097841860210215,0.3673869819191064,0.5761844744349321,0.23914258387273957,0.16747101841824497,0.35513860552913934,0.5293562767363126,0.4456519379019049,0.4403523343839326,0.3069217385936858,0.4040301362976942,0.39769457225768906,0.6143537216083067,0.5887935957474634,0.666701937279328,0.6809044655937657,0.6265234274830587,0.6970460351007086,0.5553771231536023,0.6782356964380852,0.5615408545835194,0.34866864373797074,0.41008787219387627,0.48350210683250877,0.48598664154923826,0.7536980225443886,0.551585786365277,0.6484242263998038,0.4211515950735713,0.6401819791708939,0.7501235476313792,0.4669441729425221,0.3206376142420192,0.13064988104091632,0.2626140974750891,0.6805049295957876,0.3197544848713848,0.13664876607676749,0.4351441704149431,0.7862741290056533,0.21271026767709103,0.4435087842866443,0.30133070946648577,0.5968874392345426,0.5973285567510114,0.4405563396512107,0.4804680724359615,0.7730932853985559,0.38790169723912443,0.8047293600263629,0.7470742831194236,0.6287913684683327,0.46462648566649223,0.23802653256533263,0.8616630236088588,0.6182886394299909,0.5000446850105462,0.41297077760157735,0.4103485797134698,0.31477757857634475,0.4499063455823057
Denmark,0.6713774955386044,0.48557782054646864,0.27306431878786425,0.37775777892357193,0.31037330942113595,0.38720541565163014,0.2638987773062742,0.14353479129826607,0.41443619512976604,0.4876442695903845,0.302634562993491,0.33497076836045014,0.23238605742558147,0.25444295047113497,0.34134499076576724,0.5250802949322954,0.43738818336641017,0.5746998687395731,0.5802584581168205,0.4497670085613245,0.5144333933413662,0.5037224825621908,0.5670896761975357,0.4833587689233478,0.4964821176656764,0.49851204974932123,0.38114412385949825,0.2845527129634607,0.6313400881107475,0.48407685103687453,0.5771671315830206,0.36741770664415907,0.4912427536173088,0.700703974330707,0.3243957557252805,0.23529959353465935,0.10533266286665183,0.43121766965114194,0.6286317134495151,0.24878700410289034,0.14258676833608488,0.3150504143268507,0.6872164996406366,0.1450151004871627,0.37040975846609747,0.2585523127505337,0.4851607882493943,0.45798457371686735,0.35602080440935857,0.30878377189305256,0.7177422070490803,0.34667881677520357,0.740073016113267,0.6254645030694166,0.5720220564029251,0.4348608033613819,0.2074895994097407,0.7567416290763772,0.5662018382845803,0.537607772922461,0.467650345620972,0.31709627788428235,0.2867803596027071,0.4267790874912657
Philippines,0.6577427416532375,0.46986180889622037,0.40793481004844273,0.2757803426792504,0.3247621264470535,0.4505080061781812,0.25580310017718083,0.13435635739558002,0.3489605085180472,0.5061899233165733,0.34875466685645096,0.36574712506739776,0.2757576202645489,0.3246828105856435,0.5162071685784245,0.5697163265673609,0.5313018176585986,0.6349660520044704,0.6095691275449406,0.5781749384613519,0.6133847269608195,0.4988440636668021,0.5436750929379891,0.22342404459153883,0.1821643694418213,0.4675575580274156,0.46553423101896935,0.4184418503983221,0.7116214144968138,0.49714457600300455,0.5604740727594252,0.35484865614338945,0.5250030951300784,0.6890846470380517,0.35771209217008676,0.27089754423035756,0.11763049087397817,0.38177368752969876,0.6348353761637975,0.25788789685532404,0.1714172281196215,0.39438488107862757,0.7732776164195343,0.20909144624026463,0.43392709267473994,0.29483711107694477,0.6015256459107078,0.5843926519057561,0.5129011296005086,0.47781292592254615,0.7531424291586084,0.3986120246179849,0.8450152605959053,0.7558506979518002,0.6526760579515877,0.5229947453623324,0.25041600063277997,0.9143649616218136,0.6511652617808434,0.458551266749498,0.45416423915138204,0.3945954642838795,0.33369923116346817,0.4582408621770893
Ireland,0.6441889886366368,0.4386444240452959,0.35990780456656507,0.28244508371314847,0.2626105578427144,0.3184086212101954,0.26267228081474553,0.17046653309080267,0.38540899609817136,0.4957687484533491,0.3087263866445145,0.3857160795554375,0.23240671691140022,0.3386316667764192,0.5214457342136618,0.4513772636068999,0.6008228627392038,0.6782721829068638,0.5616286770175358,0.5324095148903282,0.6110794229384434,0.4632094117228704,0.47751898790301583,0.4837020589257189,0.46601163734174494,0.3678372826061937,0.47205541127356393,0.3876056169993049,0.7062076489775111,0.5466064029903482,0.5813211670520968,0.37775732100866904,0.5326296440546076,0.7065214180328456,0.46285806473378105,0.28914054213203255,0.15319275724427173,0.5433184606029176,0.7523722234540247,0.32728203432589803,0.20240929886297698,0.4475169315801981,0.7348751547409142,0.21278970571207667,0.45353334012941565,0.2868888364543301,0.5760913947143697,0.350020664389716,0.3530578970878174,0.31172478609515125,0.7218842210183278,0.3436722671557079,0.7557474735972798,0.833974743866998,1.0,0.3948558166356746,0.2856241827054671,0.9617479947333207,0.6290787585626835,0.6288791447185093,0.6351779835488186,0.39383706703401944,0.25679266462226774,0.4142981527104354
Pakistan,0.6635663797096801,0.46290073305780544,0.44329634268683515,0.34820827113906844,0.4172028017819492,0.5007254371463603,0.25797390448457935,0.15908179687288518,0.3743614481588733,0.5835538639905323,0.24612188882117633,0.27872190099323635,0.2574189127123421,0.32702880500333364,0.4846120170892986,0.5116620475508465,0.48889947955593316,0.6969858557775451,0.5746546011008821,0.6863653955433262,0.7203069313493077,0.5703452012030104,0.6944915387206702,0.49994027448180683,0.5946478772984938,0.5179610418512862,0.5107835121408401,0.4377905516256291,0.6937098238706234,0.5097851897295084,0.60891658327787,0.4119179529464649,0.5186693861338743,0.6810579819938497,0.3647939811761785,0.258724553864249,0.09220506726413599,0.4351157451455281,0.6399678989552984,0.2561960052052644,0.17968674510590446,0.36709156297555423,0.7791016887727332,0.23041196056457253,0.49132539455705054,0.31262284510154226,0.5578902323321941,0.5253508314996185,0.5623439534208685,0.3063980536864776,0.7367707987640695,0.3694990859862055,0.7983273318334938,0.6984611050647496,0.6121890366566651,0.5105496015360333,0.2227361966004402,0.9076898820706153,0.5813594082640532,0.542777465990013,0.4678843725914733,0.3641602671867691,0.2770466636816735,0.4206854198191592
Colombia,0.6456464744338899,0.48069496078759844,0.3290842011516914,0.3238270248254382,0.2929711541834261,0.4801284458170632,0.24253092556878628,0.1444372797123212,0.39281619433102155,0.5315906422193707,0.3606793784600625,0.4079453908326564,0.25377508728399184,0.3625697770434025,0.43648962745272196,0.5048052375771036,0.49443335677786654,0.7061356275084735,0.6054554831731463,0.5541560320747624,0.5861622402776786,0.4295867586853464,0.5336958234146486,0.460773861999427,0.46662510465167173,0.5261235048323396,0.48733324607601564,0.3635696870813592,0.6710937443028481,0.5081628598766611,0.5819552720550619,0.3832514893352953,0.5728411997793766,0.707263642056353,0.36982812118824654,0.22521438672349925,0.10692821946242793,0.4006411731861555,0.5112930755507783,0.23774220543875405,0.15258330141308343,0.3648808111655743,0.7516292541008278,0.18820714186779222,0.4311299550604257,0.32871545450692924,0.6061301453149527,0.5562251626481615,0.5053615943540724,0.39435516189389147,0.7960777248665621,0.3761581739075396,0.8133527739827149,0.7083005761128225,0.5882043172964142,0.41355030269360893,0.18868694362949837,0.7815139827537104,0.5946466111088168,0.48237982251977785,0.5414904607182699,0.3918514529715418,0.2878094843526444,0.4000727950796102
Chile,0.6542338944394108,0.4523265673761201,0.37982444135952126,0.2594193004346503,0.23960892452958732,0.7119565411639918,0.23586016734845253,0.11786070065314441,0.3307641087266104,0.4860130760848553,0.435982621537291,0.24996270191345854,0.12821733110556566,0.2901173792144266,0.06446435936473703,0.48679578751011715,0.6779452150245957,0.6965144624339129,0.6635477301723628,0.6422818602886816,0.6917346856874164,0.11602621583613737,0.332588165745971,0.4752346720158842,0.4793357983297325,0.5155284410410541,0.5169847510195004,0.43207006447962454,0.7727012484419415,0.5018855655615336,0.6326590065916423,0.44164201729228136,0.59225668114689,0.6979551360458462,0.45490276243254424,0.28596136292464724,0.13107037049352133,0.4635012308167181,0.5756028327217731,0.26602991430308,0.17285660345058046,0.3818885055945199,0.7665409176792902,0.2108657354667398,0.4559252017448188,0.3125830061375384,0.5731068779308052,0.5696565422005887,0.4502164273776537,0.4342346913600694,0.786016761403639,0.39303217364631093,0.7775977154390389,0.6386998820901787,0.5729253110862981,0.40632163241677977,0.18866849131866312,0.831659135758731,0.5454380861547994,0.49302980993947043,0.5503102258500333,0.33566616797355314,0.28598583558155843,0.41493535572959844
Finland,0.6958359979054416,0.4341529412663086,0.32905020641158544,0.30769375782393316,0.32399277324259956,0.3735010262040107,0.21854397787187807,0.10355045637898631,0.5011568741501577,0.5443413014870842,0.28551252918138126,0.40919577850044947,0.2565601805329785,0.32213558806918974,0.4232785707928516,0.4345418190165501,0.3915562269718126,0.5856160443305688,0.6385773073817982,0.5822379953967773,0.5626914927668586,0.4834388729802891,0.5809633562496513,0.45793776964387467,0.4789834374939527,0.44842913864768497,0.44820153933122064,0.3878911407256843,0.6955265261840631,0.4751780963105852,0.5125051688163169,0.3256494638284895,0.4807760080358229,0.6839211788982046,0.34950775276301904,0.24450836535936663,0.12501242293712356,0.48566758168571894,0.6518983694601858,0.2768393280913383,0.16580043235797778,0.3450052659038056,0.7163129691801263,0.16577812838558276,0.38068164324068543,0.2634651574300732,0.5761478396813808,0.4898837405150162,0.28026376030585026,0.3553755277444298,0.7327446871396999,0.33526191270026706,0.6936054718137753,0.5803032376537713,0.5408940347838774,0.42402653879513574,0.21022496885702915,0.7332807367816423,0.5592294731836652,0.53034462040961,0.4020001470788189,0.32056243210034396,0.2720423768383454,0.3832752290352633
Romania,,,,,,,,,,,,,,,,,,,,,,,,,,,,,,,0.4504967419499687,0.28292850916280476,0.5152510295029792,0.6835120543969827,0.39147096799937714,0.24745078768247997,0.0564715191334752,0.3553888395503381,0.573917045782489,0.23133494427971316,0.20120502951651914,0.4427376388862697,0.722413938314567,0.27428291886625417,0.4271802365770684,0.3604526638709177,0.6165550757132449,0.716145021873934,0.3427766218132936,0.14748060415365255,0.7619994190809372,0.36104241235706735,0.7182554666250708,0.6984501217643546,0.5920268237765158,0.4302532000389269,0.26442551081822074,0.8810582028237915,0.6095573796886983,0.5190351631358885,0.45197729318355756,0.3577494388207752,0.3025634388641046,0.3903774492971152
Czech Republic,,,,,,,,,,,,,,,,,,,,,,,,,,,,,,,0.4619798404621289,0.3476121210688963,0.49334538694781094,0.6706109465405827,0.39121686654477655,0.25058337887600385,0.08239185090281409,0.38387895061672306,0.6026330692251389,0.2527488620073762,0.1696041741104927,0.3407737304185101,0.7401916283973915,0.17812687064518967,0.4691550225304434,0.32644886085924407,0.5798504053500768,0.5384073778498041,0.36032348038915285,0.3420443779263126,0.7241564902980945,0.34092121847254664,0.7119763087741401,0.6503385557941839,0.6262680382340329,0.4242197391359476,0.2309451966388859,0.7908691342038239,0.6019517008129629,0.5015972424432074,0.4252232942292917,0.34319307502640184,0.2814624443209727,0.3948829424084558
Portugal,0.6545390230979937,0.503728200796856,0.38377864930487776,0.326326405096126,0.36345427827016374,0.43698374189936356,0.28413055404629445,0.17758073171547156,0.26923650394025295,0.5609371830210057,0.37467325291641135,0.41447746681140224,0.3015793472909367,0.2883976636661052,0.2664728375823224,0.5396142963914503,0.5323420761627029,0.5833633512423398,0.6103932976840529,0.5649855894764855,0.5705045289174555,0.4594797306147656,0.47971843159651295,0.34128496405127134,0.4580712420384746,0.48351355593268364,0.5092478292579046,0.4349524553713986,0.7153777274614702,0.5051175761142185,0.6028073737839496,0.3601094230900369,0.4619087497213204,0.6460803215357072,0.3505239715592491,0.24260622021592843,0.11284316723542724,0.4744170296449286,0.6440002841845129,0.25006083478292485,0.15623344666067912,0.3227020846246544,0.6618081838448127,0.1283304447363372,0.33161021791297995,0.20553886958950127,0.5171205946734575,0.47753449030521894,0.4012666693045743,0.31333093198906703,0.6757147377435548,0.3162408907750062,0.6935199655270381,0.6116644045875784,0.5622419179426821,0.4117505884189564,0.21035071804476996,0.7949483169834926,0.586141427691246,0.4719721876439949,0.451486381251633,0.38813309103617466,0.31060460110357,0.40776481785635615
New Zealand,0.610259416275655,0.4360477606062622,0.38860782282641393,0.3227206576508178,0.3387284433648978,0.5177964130842715,0.13608876417621768,0.07705568268734048,0.5198216257268825,0.45478786890781653,0.31530841234558377,0.35987984935244244,0.2652766221222711,0.3665610065604084,0.3331438843301764,0.4439086364435138,0.28193646535133643,0.5291335402506464,0.5448804031755841,0.4936835983498999,0.642701405471456,0.4291148757183312,0.5929409916691794,0.4937151634181959,0.42404308154937886,0.4471770785879934,0.39213717214649596,0.27149246640906777,0.6235009392518792,0.470230776801504,0.554708126175126,0.36014354640201424,0.5878655498430738,0.6984906000011558,0.3597451571586352,0.2438986354000806,0.09869472306676359,0.4056653484733066,0.6680715643689457,0.23698468601317516,0.17638567460673232,0.4186550661838586,0.766629775249723,0.16717331356281892,0.39483697252969147,0.23347332216403752,0.5286860943159348,0.442060072176496,0.47660994631669845,0.30513197634812006,0.7286188540715894,0.36452366741350106,0.7635156075280536,0.6910019870456447,0.6021626639522885,0.4501262671959021,0.21105991969166302,0.8133890393827844,0.5778860605121495,0.5526551051178865,0.4339171301734389,0.35024262999049566,0.2943195166230483,0.3956720362274982
Peru,0.6906967561096604,0.5692494868925345,0.35110457189887145,0.33044760640852144,0.3298018930682169,0.5919039126127245,0.239086679380491,0.07932074249649337,0.3124923781476271,0.5028923615219899,0.33210051049067224,0.32893791752121837,0.24901336013869946,0.42124291243456696,0.4868917117579418,0.45221556011319947,0.3944320933173343,0.4648355123373302,0.5809702054770142,0.5941958711335055,0.6640068613983918,0.4000919490883752,0.16349892608249586,0.466658521551932,0.43676819176483295,0.6173090311747087,0.5816444962596474,0.08208801805677242,0.4409909814218571,0.4230487295479365,0.5838729996431399,0.34734615113732686,0.5707232112205826,0.7891854646080221,0.4161954361034433,0.23413751838785965,0.12549462499169928,0.3839070225175598,0.6045400850941502,0.23455666518831805,0.13802514927711615,0.4366662704870295,0.756200177237902,0.18187500274620294,0.4669425598854849,0.3483592875972831,0.643575464468313,0.7113426943608091,0.5042911459789488,0.5071411310287713,0.7874522038326811,0.3929146847770205,0.8274262331170898,0.6538604105339938,0.5938362379578959,0.45389272734611047,0.20153296979327956,0.8309318407162901,0.5764046952298483,0.4440949269001664,0.5854659216870731,0.3427789608748114,0.2771583082958181,0.4243081758039895
Iraq,0.6902712044133898,0.4652084874632917,0.31134588531565327,0.4743322672423721,0.4234789947692092,0.4699322887377587,0.08402372950164669,0.29739258401731195,0.3041041150469861,0.51479248292069,0.3484531514650603,0.3337965849703055,0.22917537516889552,0.5296357502112373,0.6956201808360383,0.7042926997385004,0.43514449661011273,0.8925992878159611,0.8998435543542034,1.0,0.5147247638976847,0.4921845461533407,0.08115414433550032,0.3503023339208396,0.41943488879582014,0.49633953924516544,0.5725349355516092,0.27846707306164,0.5755091475637264,1.0,0.0,0.6067851365093669,0.9447384397207683,0.682535479087033,0.30512639617661197,0.332862458276087,0.21545294452361047,1.0,0.8677304472425845,0.42945326578886245,0.153801653349218,0.10427953155012304,0.0,1.0,0.35357981229314317,0.3026237693167966,0.5041204847991211,0.6874912189738275,0.5600662363796252,0.4504250470749638,0.8043958513911907,0.45157672456718306,0.8622074934491124,0.6508137073142701,0.5815691084952281,0.6665096388355422,0.15346500190012685,0.7839593883231947,0.6395067845393987,0.4328212557982045,0.381841657170805,0.3987007168518359,0.28595086906434375,0.355404923626022
Greece,0.8075532610773299,0.3840255874013847,0.5100214928920647,0.38018647472926187,0.42355424777912976,0.5269567883190354,0.26125434543369364,0.15874946874449816,0.5623102435026399,0.5590865238917835,0.3999010709755201,0.45489818988435027,0.2683951061115815,0.16623413054144595,0.5395451845843081,0.5388396733373947,0.4624727702006781,0.6795780131782794,0.565601516342976,0.4805859375418719,0.49511621078942386,0.3771758702323469,0.4517418086622399,0.43016065129235825,0.44956828496264384,0.39178601666275076,0.32223075832526177,0.36823182148897143,0.6767402382501877,0.4688238636883491,0.5916332057408928,0.3570597065896643,0.46852820108176524,0.6591394813286412,0.30470024599811224,0.2171286017243335,0.10798002840116164,0.4505509499611315,0.6235836493654949,0.2545062692101242,0.19340792415177635,0.4179166482157926,0.7864283162083222,0.1889647350376155,0.34148761618336554,0.3220999134089285,0.5381611173654728,0.47058518639530644,0.3769095879353717,0.09493660229906223,0.5622745196484705,0.2840366330112452,0.6682922144046708,0.6129717065736401,0.5276894539340696,0.36773268647679397,0.18994735376971683,0.7639401278661682,0.577109308454034,0.46184159678499426,0.5046351542264417,0.37223772335911526,0.30140036000524395,0.4070103447116857
Algeria,0.27264176816062907,0.0,0.9850599920072408,0.31813451217432753,0.34046213710921486,0.10626187152296937,0.30741528914244326,0.19921606009945161,0.46515450669092273,0.5584006061794368,0.0,0.7803029492158723,0.2227101900600888,0.39075613815524485,0.5058657792442085,0.5634392880194383,0.5233114576408314,0.7223115036922598,0.6453411532395914,0.483033991480206,0.6033495248068498,0.5668827535259834,0.6519052857578661,0.5121569993708949,0.4835489426376057,0.38880735562195795,0.35597217274092474,0.25802164299822966,0.6855193911243571,0.4761735208682134,0.553745900037066,0.3656730468481587,0.4610616992840987,0.6225543551289944,0.3403900227208493,0.24975982218711917,0.0927267613943827,0.4795007063149933,0.6324391368734615,0.24983725497341733,0.170741083421392,0.4353634950107824,0.7994542660762196,0.17413417978681214,0.445177585145331,0.23638155089929452,0.5296028500657016,0.5354269940767676,0.5068357079728371,0.4033285796809795,0.7412160390794751,0.3647771745991107,0.7637204444423424,0.6980386174558438,0.5928433411699957,0.4527399514751721,0.19024510971366868,0.7405621650407779,0.5505591219934606,0.5047120168860441,0.4212914271153898,0.35136771974148095,0.3201520974956651,0.4299358657203065
